# Table II, Values of n and k Obtained from Various Refrences of Gold,
# from Handbook of Optical Constants of Solids, ed. by E. Palik
# pages 290-295

# E (eV)      lambda (m)    eps1           eps2          n             k
9.919e+03,    1.250e-10,    +9.999e-01,    4.780e-06,    1.000e+00,    2.390e-06
9.184e+03,    1.350e-10,    +9.999e-01,    6.260e-06,    1.000e+00,    3.130e-06
8.551e+03,    1.450e-10,    +9.999e-01,    8.040e-06,    1.000e+00,    4.020e-06
8.266e+03,    1.500e-10,    +9.999e-01,    9.040e-06,    1.000e+00,    4.520e-06
7.085e+03,    1.750e-10,    +9.999e-01,    1.556e-05,    9.999e-01,    7.780e-06
6.199e+03,    2.000e-10,    +9.998e-01,    2.500e-05,    9.999e-01,    1.250e-05
4.959e+03,    2.500e-10,    +9.998e-01,    5.499e-05,    9.999e-01,    2.750e-05
4.133e+03,    3.000e-10,    +9.997e-01,    1.050e-04,    9.998e-01,    5.250e-05
3.542e+03,    3.500e-10,    +9.996e-01,    1.814e-04,    9.998e-01,    9.070e-05
3.100e+03,    3.999e-10,    +9.995e-01,    2.399e-04,    9.998e-01,    1.200e-04
2.480e+03,    4.999e-10,    +9.994e-01,    4.719e-04,    9.997e-01,    2.360e-04
2.066e+03,    6.001e-10,    +9.993e-01,    1.975e-04,    9.996e-01,    9.880e-05
1.771e+03,    7.001e-10,    +9.988e-01,    3.358e-04,    9.994e-01,    1.680e-04
1.550e+03,    7.999e-10,    +9.983e-01,    5.335e-04,    9.992e-01,    2.670e-04
1.487e+03,    8.338e-10,    +9.982e-01,    6.194e-04,    9.991e-01,    3.100e-04
1.254e+03,    9.887e-10,    +9.977e-01,    8.790e-04,    9.989e-01,    4.400e-04
1.188e+03,    1.044e-09,    +9.974e-01,    1.065e-03,    9.987e-01,    5.330e-04
1.012e+03,    1.225e-09,    +9.964e-01,    1.877e-03,    9.982e-01,    9.400e-04
9.294e+02,    1.334e-09,    +9.958e-01,    2.455e-03,    9.979e-01,    1.230e-03
8.515e+02,    1.456e-09,    +9.952e-01,    3.132e-03,    9.976e-01,    1.570e-03
7.764e+02,    1.597e-09,    +9.947e-01,    3.710e-03,    9.973e-01,    1.860e-03
7.049e+02,    1.759e-09,    +9.942e-01,    4.666e-03,    9.971e-01,    2.340e-03
6.375e+02,    1.945e-09,    +9.933e-01,    5.342e-03,    9.967e-01,    2.680e-03
5.729e+02,    2.164e-09,    +9.930e-01,    5.680e-03,    9.965e-01,    2.850e-03
5.249e+02,    2.362e-09,    +9.925e-01,    7.492e-03,    9.962e-01,    3.760e-03
5.003e+02,    2.478e-09,    +9.920e-01,    1.116e-02,    9.960e-01,    5.600e-03
4.522e+02,    2.742e-09,    +9.918e-01,    1.215e-02,    9.959e-01,    6.100e-03
3.954e+02,    3.136e-09,    +9.905e-01,    1.224e-02,    9.952e-01,    6.150e-03
3.000e+02,    4.133e-09,    +9.820e-01,    1.774e-02,    9.910e-01,    8.950e-03
2.600e+02,    4.769e-09,    +9.760e-01,    2.095e-02,    9.880e-01,    1.060e-02
2.200e+02,    5.636e-09,    +9.721e-01,    2.327e-02,    9.860e-01,    1.180e-02
2.000e+02,    6.199e-09,    +9.662e-01,    2.261e-02,    9.830e-01,    1.150e-02
1.800e+02,    6.888e-09,    +9.583e-01,    2.095e-02,    9.790e-01,    1.070e-02
1.500e+02,    8.266e-09,    +9.273e-01,    1.945e-02,    9.630e-01,    1.010e-02
1.200e+02,    1.033e-08,    +8.627e-01,    3.307e-02,    9.290e-01,    1.780e-02
1.100e+02,    1.127e-08,    +8.291e-01,    5.156e-02,    9.110e-01,    2.830e-02
1.050e+02,    1.181e-08,    +8.088e-01,    6.354e-02,    9.000e-01,    3.530e-02
1.000e+02,    1.240e-08,    +7.883e-01,    8.072e-02,    8.890e-01,    4.540e-02
8.800e+01,    1.409e-08,    +7.873e-01,    9.850e-02,    8.890e-01,    5.540e-02
8.750e+01,    1.417e-08,    +7.854e-01,    9.910e-02,    8.880e-01,    5.580e-02
8.700e+01,    1.425e-08,    +7.835e-01,    1.022e-01,    8.870e-01,    5.760e-02
8.600e+01,    1.442e-08,    +7.812e-01,    1.086e-01,    8.860e-01,    6.130e-02
8.500e+01,    1.459e-08,    +7.826e-01,    1.150e-01,    8.870e-01,    6.480e-02
8.450e+01,    1.467e-08,    +7.843e-01,    1.162e-01,    8.880e-01,    6.540e-02
8.400e+01,    1.476e-08,    +7.845e-01,    1.124e-01,    8.880e-01,    6.330e-02
8.350e+01,    1.485e-08,    +7.792e-01,    1.127e-01,    8.850e-01,    6.370e-02
8.300e+01,    1.494e-08,    +7.772e-01,    1.155e-01,    8.840e-01,    6.530e-02
8.200e+01,    1.512e-08,    +7.715e-01,    1.202e-01,    8.810e-01,    6.820e-02
8.000e+01,    1.550e-08,    +7.652e-01,    1.321e-01,    8.780e-01,    7.520e-02
7.800e+01,    1.590e-08,    +7.589e-01,    1.431e-01,    8.750e-01,    8.180e-02
7.600e+01,    1.631e-08,    +7.545e-01,    1.521e-01,    8.730e-01,    8.710e-02
7.400e+01,    1.675e-08,    +7.466e-01,    1.611e-01,    8.690e-01,    9.270e-02
7.200e+01,    1.722e-08,    +7.331e-01,    1.719e-01,    8.620e-01,    9.970e-02
7.000e+01,    1.771e-08,    +7.219e-01,    1.920e-01,    8.570e-01,    1.120e-01
6.800e+01,    1.823e-08,    +7.156e-01,    2.120e-01,    8.550e-01,    1.240e-01
6.600e+01,    1.879e-08,    +7.142e-01,    2.328e-01,    8.560e-01,    1.360e-01
6.400e+01,    1.937e-08,    +7.128e-01,    2.520e-01,    8.570e-01,    1.470e-01
6.200e+01,    2.000e-08,    +7.135e-01,    2.680e-01,    8.590e-01,    1.560e-01
6.000e+01,    2.066e-08,    +7.185e-01,    2.796e-01,    8.630e-01,    1.620e-01
5.800e+01,    2.138e-08,    +7.138e-01,    2.859e-01,    8.610e-01,    1.660e-01
5.600e+01,    2.214e-08,    +7.035e-01,    2.928e-01,    8.560e-01,    1.710e-01
5.400e+01,    2.296e-08,    +6.867e-01,    3.053e-01,    8.480e-01,    1.800e-01
5.200e+01,    2.384e-08,    +6.678e-01,    3.188e-01,    8.390e-01,    1.900e-01
5.000e+01,    2.480e-08,    +6.440e-01,    3.378e-01,    8.280e-01,    2.040e-01
4.900e+01,    2.530e-08,    +6.287e-01,    3.497e-01,    8.210e-01,    2.130e-01
4.800e+01,    2.583e-08,    +6.120e-01,    3.663e-01,    8.140e-01,    2.250e-01
4.700e+01,    2.638e-08,    +5.978e-01,    3.851e-01,    8.090e-01,    2.380e-01
4.600e+01,    2.695e-08,    +5.835e-01,    4.089e-01,    8.050e-01,    2.540e-01
4.500e+01,    2.755e-08,    +5.751e-01,    4.347e-01,    8.050e-01,    2.700e-01
4.400e+01,    2.818e-08,    +5.717e-01,    4.551e-01,    8.070e-01,    2.820e-01
4.300e+01,    2.883e-08,    +5.660e-01,    4.713e-01,    8.070e-01,    2.920e-01
4.200e+01,    2.952e-08,    +5.546e-01,    4.872e-01,    8.040e-01,    3.030e-01
4.100e+01,    3.024e-08,    +5.379e-01,    5.066e-01,    7.990e-01,    3.170e-01
4.000e+01,    3.100e-08,    +5.205e-01,    5.311e-01,    7.950e-01,    3.340e-01
3.900e+01,    3.179e-08,    +5.042e-01,    5.599e-01,    7.930e-01,    3.530e-01
3.800e+01,    3.263e-08,    +4.880e-01,    5.869e-01,    7.910e-01,    3.710e-01
3.700e+01,    3.351e-08,    +4.681e-01,    6.162e-01,    7.880e-01,    3.910e-01
3.600e+01,    3.444e-08,    +4.464e-01,    6.508e-01,    7.860e-01,    4.140e-01
3.500e+01,    3.542e-08,    +4.204e-01,    6.875e-01,    7.830e-01,    4.390e-01
3.400e+01,    3.647e-08,    +3.831e-01,    7.369e-01,    7.790e-01,    4.730e-01
3.300e+01,    3.757e-08,    +3.447e-01,    8.044e-01,    7.810e-01,    5.150e-01
3.200e+01,    3.875e-08,    +3.231e-01,    9.177e-01,    8.050e-01,    5.700e-01
3.100e+01,    3.999e-08,    +3.690e-01,    1.014e+00,    8.510e-01,    5.960e-01
3.050e+01,    4.065e-08,    +3.957e-01,    1.046e+00,    8.700e-01,    6.010e-01
3.000e+01,    4.133e-08,    +4.232e-01,    1.070e+00,    8.870e-01,    6.030e-01
2.950e+01,    4.203e-08,    +4.488e-01,    1.082e+00,    9.000e-01,    6.010e-01
2.900e+01,    4.275e-08,    +4.602e-01,    1.084e+00,    9.050e-01,    5.990e-01
2.800e+01,    4.428e-08,    +4.434e-01,    1.094e+00,    9.010e-01,    6.070e-01
2.700e+01,    4.592e-08,    +3.978e-01,    1.137e+00,    8.950e-01,    6.350e-01
2.638e+01,    4.700e-08,    +4.307e-01,    9.371e-01,    8.550e-01,    5.480e-01
2.600e+01,    4.769e-08,    +3.418e-01,    1.217e+00,    8.960e-01,    6.790e-01
2.583e+01,    4.800e-08,    +3.965e-01,    9.560e-01,    8.460e-01,    5.650e-01
2.530e+01,    4.901e-08,    +3.557e-01,    1.015e+00,    8.460e-01,    6.000e-01
2.480e+01,    4.999e-08,    +3.065e-01,    1.097e+00,    8.500e-01,    6.450e-01
2.431e+01,    5.100e-08,    +2.566e-01,    1.195e+00,    8.600e-01,    6.950e-01
2.384e+01,    5.201e-08,    +2.128e-01,    1.291e+00,    8.720e-01,    7.400e-01
2.339e+01,    5.301e-08,    +1.601e-01,    1.415e+00,    8.900e-01,    7.950e-01
2.296e+01,    5.400e-08,    +1.566e-01,    1.510e+00,    9.150e-01,    8.250e-01
2.252e+01,    5.506e-08,    +1.969e-01,    1.596e+00,    9.500e-01,    8.400e-01
2.214e+01,    5.600e-08,    +2.511e-01,    1.671e+00,    9.850e-01,    8.480e-01
2.175e+01,    5.700e-08,    +3.220e-01,    1.737e+00,    1.022e+00,    8.500e-01
2.138e+01,    5.799e-08,    +4.041e-01,    1.777e+00,    1.055e+00,    8.420e-01
2.101e+01,    5.901e-08,    +4.883e-01,    1.801e+00,    1.085e+00,    8.300e-01
2.066e+01,    6.001e-08,    +5.778e-01,    1.810e+00,    1.113e+00,    8.130e-01
2.033e+01,    6.099e-08,    +6.539e-01,    1.803e+00,    1.134e+00,    7.950e-01
2.000e+01,    6.199e-08,    +7.204e-01,    1.765e+00,    1.146e+00,    7.700e-01
1.968e+01,    6.300e-08,    +7.669e-01,    1.730e+00,    1.153e+00,    7.500e-01
1.937e+01,    6.401e-08,    +8.057e-01,    1.689e+00,    1.157e+00,    7.300e-01
1.907e+01,    6.502e-08,    +8.299e-01,    1.640e+00,    1.155e+00,    7.100e-01
1.879e+01,    6.598e-08,    +8.096e-01,    1.596e+00,    1.140e+00,    7.000e-01
1.851e+01,    6.698e-08,    +7.840e-01,    1.561e+00,    1.125e+00,    6.940e-01
1.823e+01,    6.801e-08,    +7.535e-01,    1.521e+00,    1.107e+00,    6.870e-01
1.797e+01,    6.900e-08,    +7.213e-01,    1.480e+00,    1.088e+00,    6.800e-01
1.771e+01,    7.001e-08,    +6.959e-01,    1.458e+00,    1.075e+00,    6.780e-01
1.746e+01,    7.101e-08,    +6.612e-01,    1.442e+00,    1.060e+00,    6.800e-01
1.722e+01,    7.200e-08,    +6.333e-01,    1.439e+00,    1.050e+00,    6.850e-01
1.698e+01,    7.302e-08,    +6.097e-01,    1.438e+00,    1.042e+00,    6.900e-01
1.675e+01,    7.402e-08,    +5.916e-01,    1.447e+00,    1.038e+00,    6.970e-01
1.653e+01,    7.501e-08,    +5.715e-01,    1.454e+00,    1.033e+00,    7.040e-01
1.631e+01,    7.602e-08,    +5.525e-01,    1.469e+00,    1.030e+00,    7.130e-01
1.610e+01,    7.701e-08,    +5.404e-01,    1.482e+00,    1.029e+00,    7.200e-01
1.590e+01,    7.798e-08,    +5.239e-01,    1.501e+00,    1.028e+00,    7.300e-01
1.569e+01,    7.902e-08,    +5.107e-01,    1.519e+00,    1.028e+00,    7.390e-01
1.550e+01,    7.999e-08,    +5.038e-01,    1.533e+00,    1.029e+00,    7.450e-01
1.531e+01,    8.098e-08,    +4.954e-01,    1.549e+00,    1.030e+00,    7.520e-01
1.512e+01,    8.200e-08,    +4.910e-01,    1.568e+00,    1.033e+00,    7.590e-01
1.494e+01,    8.299e-08,    +4.901e-01,    1.587e+00,    1.037e+00,    7.650e-01
1.476e+01,    8.400e-08,    +4.908e-01,    1.603e+00,    1.041e+00,    7.700e-01
1.459e+01,    8.498e-08,    +4.977e-01,    1.624e+00,    1.048e+00,    7.750e-01
1.442e+01,    8.598e-08,    +5.004e-01,    1.643e+00,    1.053e+00,    7.800e-01
1.425e+01,    8.701e-08,    +5.111e-01,    1.664e+00,    1.061e+00,    7.840e-01
1.409e+01,    8.799e-08,    +5.224e-01,    1.688e+00,    1.070e+00,    7.890e-01
1.393e+01,    8.901e-08,    +5.376e-01,    1.713e+00,    1.080e+00,    7.930e-01
1.378e+01,    8.997e-08,    +5.513e-01,    1.740e+00,    1.090e+00,    7.980e-01
1.362e+01,    9.103e-08,    +5.684e-01,    1.762e+00,    1.100e+00,    8.010e-01
1.348e+01,    9.198e-08,    +5.825e-01,    1.789e+00,    1.110e+00,    8.060e-01
1.333e+01,    9.301e-08,    +6.022e-01,    1.814e+00,    1.121e+00,    8.090e-01
1.319e+01,    9.400e-08,    +6.243e-01,    1.840e+00,    1.133e+00,    8.120e-01
1.305e+01,    9.501e-08,    +6.491e-01,    1.868e+00,    1.146e+00,    8.150e-01
1.292e+01,    9.596e-08,    +6.725e-01,    1.898e+00,    1.159e+00,    8.190e-01
1.278e+01,    9.701e-08,    +6.916e-01,    1.926e+00,    1.170e+00,    8.230e-01
1.265e+01,    9.801e-08,    +7.101e-01,    1.949e+00,    1.180e+00,    8.260e-01
1.252e+01,    9.903e-08,    +7.255e-01,    1.978e+00,    1.190e+00,    8.310e-01
1.240e+01,    9.999e-08,    +7.411e-01,    2.006e+00,    1.200e+00,    8.360e-01
1.228e+01,    1.010e-07,    +7.479e-01,    2.033e+00,    1.207e+00,    8.420e-01
1.216e+01,    1.020e-07,    +7.450e-01,    2.052e+00,    1.210e+00,    8.480e-01
1.204e+01,    1.030e-07,    +7.438e-01,    2.069e+00,    1.213e+00,    8.530e-01
1.192e+01,    1.040e-07,    +7.366e-01,    2.090e+00,    1.215e+00,    8.600e-01
1.181e+01,    1.050e-07,    +7.329e-01,    2.105e+00,    1.217e+00,    8.650e-01
1.170e+01,    1.060e-07,    +7.242e-01,    2.118e+00,    1.217e+00,    8.700e-01
1.159e+01,    1.070e-07,    +7.126e-01,    2.139e+00,    1.218e+00,    8.780e-01
1.148e+01,    1.080e-07,    +7.003e-01,    2.156e+00,    1.218e+00,    8.850e-01
1.137e+01,    1.090e-07,    +6.910e-01,    2.179e+00,    1.220e+00,    8.930e-01
1.127e+01,    1.100e-07,    +6.833e-01,    2.200e+00,    1.222e+00,    9.000e-01
1.117e+01,    1.110e-07,    +6.731e-01,    2.219e+00,    1.223e+00,    9.070e-01
1.107e+01,    1.120e-07,    +6.652e-01,    2.239e+00,    1.225e+00,    9.140e-01
1.097e+01,    1.130e-07,    +6.579e-01,    2.264e+00,    1.228e+00,    9.220e-01
1.088e+01,    1.140e-07,    +6.585e-01,    2.284e+00,    1.232e+00,    9.270e-01
1.078e+01,    1.150e-07,    +6.615e-01,    2.306e+00,    1.237e+00,    9.320e-01
1.069e+01,    1.160e-07,    +6.683e-01,    2.323e+00,    1.242e+00,    9.350e-01
1.060e+01,    1.170e-07,    +6.676e-01,    2.349e+00,    1.247e+00,    9.420e-01
1.051e+01,    1.180e-07,    +6.851e-01,    2.394e+00,    1.260e+00,    9.500e-01
1.042e+01,    1.190e-07,    +6.630e-01,    2.397e+00,    1.255e+00,    9.550e-01
1.033e+01,    1.200e-07,    +6.622e-01,    2.424e+00,    1.260e+00,    9.620e-01
1.025e+01,    1.210e-07,    +6.651e-01,    2.447e+00,    1.265e+00,    9.670e-01
1.016e+01,    1.220e-07,    +6.623e-01,    2.477e+00,    1.270e+00,    9.750e-01
1.008e+01,    1.230e-07,    +6.613e-01,    2.504e+00,    1.275e+00,    9.820e-01
1.000e+01,    1.240e-07,    +6.642e-01,    2.527e+00,    1.280e+00,    9.870e-01
9.919e+00,    1.250e-07,    +6.632e-01,    2.555e+00,    1.285e+00,    9.940e-01
9.840e+00,    1.260e-07,    +6.641e-01,    2.580e+00,    1.290e+00,    1.000e+00
9.763e+00,    1.270e-07,    +6.670e-01,    2.603e+00,    1.295e+00,    1.005e+00
9.686e+00,    1.280e-07,    +6.659e-01,    2.631e+00,    1.300e+00,    1.012e+00
9.611e+00,    1.290e-07,    +6.661e-01,    2.652e+00,    1.304e+00,    1.017e+00
9.537e+00,    1.300e-07,    +6.705e-01,    2.668e+00,    1.308e+00,    1.020e+00
9.465e+00,    1.310e-07,    +6.692e-01,    2.697e+00,    1.313e+00,    1.027e+00
9.393e+00,    1.320e-07,    +6.721e-01,    2.720e+00,    1.318e+00,    1.032e+00
9.322e+00,    1.330e-07,    +6.729e-01,    2.747e+00,    1.323e+00,    1.038e+00
9.253e+00,    1.340e-07,    +6.716e-01,    2.776e+00,    1.328e+00,    1.045e+00
9.184e+00,    1.350e-07,    +6.744e-01,    2.799e+00,    1.333e+00,    1.050e+00
9.117e+00,    1.360e-07,    +6.814e-01,    2.818e+00,    1.338e+00,    1.053e+00
9.050e+00,    1.370e-07,    +6.897e-01,    2.846e+00,    1.345e+00,    1.058e+00
8.984e+00,    1.380e-07,    +6.925e-01,    2.870e+00,    1.350e+00,    1.063e+00
8.920e+00,    1.390e-07,    +6.975e-01,    2.892e+00,    1.355e+00,    1.067e+00
8.856e+00,    1.400e-07,    +7.004e-01,    2.916e+00,    1.360e+00,    1.072e+00
8.551e+00,    1.450e-07,    +7.351e-01,    3.019e+00,    1.386e+00,    1.089e+00
8.266e+00,    1.500e-07,    +7.992e-01,    3.127e+00,    1.419e+00,    1.102e+00
7.999e+00,    1.550e-07,    +8.748e-01,    3.213e+00,    1.450e+00,    1.108e+00
7.749e+00,    1.600e-07,    +9.761e-01,    3.280e+00,    1.483e+00,    1.106e+00
7.514e+00,    1.650e-07,    +1.091e+00,    3.305e+00,    1.512e+00,    1.093e+00
7.239e+00,    1.713e-07,    +1.162e+00,    3.251e+00,    1.519e+00,    1.070e+00
7.085e+00,    1.750e-07,    +1.105e+00,    3.210e+00,    1.500e+00,    1.070e+00
6.888e+00,    1.800e-07,    +9.837e-01,    3.190e+00,    1.470e+00,    1.085e+00
6.702e+00,    1.850e-07,    +8.539e-01,    3.193e+00,    1.442e+00,    1.107e+00
6.526e+00,    1.900e-07,    +7.481e-01,    3.239e+00,    1.427e+00,    1.135e+00
6.358e+00,    1.950e-07,    +6.589e-01,    3.332e+00,    1.424e+00,    1.170e+00
6.199e+00,    2.000e-07,    +5.601e-01,    3.468e+00,    1.427e+00,    1.215e+00
6.000e+00,    2.066e-07,    +3.164e-01,    3.714e+00,    1.422e+00,    1.306e+00
5.900e+00,    2.101e-07,    +2.653e-01,    3.815e+00,    1.430e+00,    1.334e+00
5.800e+00,    2.138e-07,    +1.901e-01,    3.906e+00,    1.432e+00,    1.364e+00
5.700e+00,    2.175e-07,    +1.413e-01,    3.992e+00,    1.438e+00,    1.388e+00
5.600e+00,    2.214e-07,    +6.864e-02,    4.090e+00,    1.442e+00,    1.418e+00
5.500e+00,    2.254e-07,    +2.894e-02,    4.188e+00,    1.452e+00,    1.442e+00
5.400e+00,    2.296e-07,    -7.037e-02,    4.298e+00,    1.454e+00,    1.478e+00
5.300e+00,    2.339e-07,    -1.427e-01,    4.415e+00,    1.462e+00,    1.510e+00
5.200e+00,    2.384e-07,    -2.416e-01,    4.557e+00,    1.470e+00,    1.550e+00
5.100e+00,    2.431e-07,    -3.436e-01,    4.700e+00,    1.478e+00,    1.590e+00
5.000e+00,    2.480e-07,    -4.742e-01,    4.856e+00,    1.484e+00,    1.636e+00
4.900e+00,    2.530e-07,    -6.631e-01,    5.060e+00,    1.490e+00,    1.698e+00
4.800e+00,    2.583e-07,    -7.935e-01,    5.258e+00,    1.504e+00,    1.748e+00
4.700e+00,    2.638e-07,    -7.925e-01,    5.516e+00,    1.546e+00,    1.784e+00
4.600e+00,    2.695e-07,    -7.661e-01,    5.823e+00,    1.598e+00,    1.822e+00
4.500e+00,    2.755e-07,    -7.140e-01,    6.104e+00,    1.648e+00,    1.852e+00
4.400e+00,    2.818e-07,    -6.858e-01,    6.361e+00,    1.690e+00,    1.882e+00
4.300e+00,    2.883e-07,    -5.754e-01,    6.620e+00,    1.742e+00,    1.900e+00
4.200e+00,    2.952e-07,    -5.245e-01,    6.813e+00,    1.776e+00,    1.918e+00

# measured optical dielectric function eps_r = eps1 + i*eps2 for single-crystal
# gold.
# https://journals.aps.org/prb/abstract/10.1103/PhysRevB.86.235147
# E (eV)      lambda (Âµm)   eps1           eps2          n             k
4.133E+00,    3.000E-07,    -1.019E+00,    6.027E+00,    1.596E+00,    1.888E+00
3.999E+00,    3.100E-07,    -8.733E-01,    6.251E+00,    1.649E+00,    1.895E+00
3.874E+00,    3.200E-07,    -6.995E-01,    6.341E+00,    1.685E+00,    1.881E+00
3.757E+00,    3.300E-07,    -5.587E-01,    6.319E+00,    1.701E+00,    1.858E+00
3.647E+00,    3.400E-07,    -4.928E-01,    6.219E+00,    1.695E+00,    1.835E+00
3.542E+00,    3.500E-07,    -5.248E-01,    6.086E+00,    1.671E+00,    1.821E+00
3.444E+00,    3.600E-07,    -6.503E-01,    5.975E+00,    1.637E+00,    1.825E+00
3.351E+00,    3.700E-07,    -8.306E-01,    5.930E+00,    1.606E+00,    1.846E+00
3.263E+00,    3.800E-07,    -1.004E+00,    5.962E+00,    1.588E+00,    1.877E+00
3.179E+00,    3.900E-07,    -1.114E+00,    6.034E+00,    1.585E+00,    1.904E+00
3.100E+00,    4.000E-07,    -1.148E+00,    6.083E+00,    1.588E+00,    1.915E+00
3.024E+00,    4.100E-07,    -1.139E+00,    6.055E+00,    1.585E+00,    1.911E+00
2.952E+00,    4.200E-07,    -1.148E+00,    5.947E+00,    1.567E+00,    1.898E+00
2.883E+00,    4.300E-07,    -1.198E+00,    5.802E+00,    1.537E+00,    1.887E+00
2.818E+00,    4.400E-07,    -1.257E+00,    5.651E+00,    1.505E+00,    1.877E+00
2.755E+00,    4.500E-07,    -1.274E+00,    5.462E+00,    1.472E+00,    1.855E+00
2.695E+00,    4.600E-07,    -1.263E+00,    5.154E+00,    1.422E+00,    1.812E+00
2.638E+00,    4.700E-07,    -1.313E+00,    4.685E+00,    1.333E+00,    1.758E+00
2.583E+00,    4.800E-07,    -1.524E+00,    4.094E+00,    1.193E+00,    1.716E+00
2.530E+00,    4.900E-07,    -1.936E+00,    3.479E+00,    1.011E+00,    1.720E+00
2.480E+00,    5.000E-07,    -2.521E+00,    2.929E+00,    8.197E-01,    1.787E+00
2.431E+00,    5.100E-07,    -3.216E+00,    2.491E+00,    6.527E-01,    1.908E+00
2.384E+00,    5.200E-07,    -3.959E+00,    2.166E+00,    5.263E-01,    2.058E+00
2.339E+00,    5.300E-07,    -4.709E+00,    1.931E+00,    4.363E-01,    2.213E+00
2.296E+00,    5.400E-07,    -5.450E+00,    1.761E+00,    3.724E-01,    2.364E+00
2.254E+00,    5.500E-07,    -6.177E+00,    1.632E+00,    3.256E-01,    2.507E+00
2.214E+00,    5.600E-07,    -6.891E+00,    1.531E+00,    2.899E-01,    2.641E+00
2.175E+00,    5.700E-07,    -7.598E+00,    1.449E+00,    2.617E-01,    2.769E+00
2.138E+00,    5.800E-07,    -8.301E+00,    1.381E+00,    2.388E-01,    2.891E+00
2.101E+00,    5.900E-07,    -9.003E+00,    1.323E+00,    2.199E-01,    3.009E+00
2.066E+00,    6.000E-07,    -9.706E+00,    1.274E+00,    2.041E-01,    3.122E+00
2.033E+00,    6.100E-07,    -1.041E+01,    1.233E+00,    1.908E-01,    3.232E+00
2.000E+00,    6.200E-07,    -1.112E+01,    1.199E+00,    1.794E-01,    3.340E+00
1.968E+00,    6.300E-07,    -1.183E+01,    1.170E+00,    1.698E-01,    3.444E+00
1.937E+00,    6.400E-07,    -1.255E+01,    1.146E+00,    1.616E-01,    3.547E+00
1.907E+00,    6.500E-07,    -1.328E+01,    1.128E+00,    1.546E-01,    3.647E+00
1.879E+00,    6.600E-07,    -1.401E+01,    1.114E+00,    1.487E-01,    3.746E+00
1.851E+00,    6.700E-07,    -1.475E+01,    1.104E+00,    1.436E-01,    3.843E+00
1.823E+00,    6.800E-07,    -1.549E+01,    1.098E+00,    1.394E-01,    3.938E+00
1.797E+00,    6.900E-07,    -1.624E+01,    1.095E+00,    1.358E-01,    4.033E+00
1.771E+00,    7.000E-07,    -1.700E+01,    1.096E+00,    1.328E-01,    4.126E+00
1.746E+00,    7.100E-07,    -1.777E+01,    1.100E+00,    1.304E-01,    4.217E+00
1.722E+00,    7.200E-07,    -1.854E+01,    1.106E+00,    1.284E-01,    4.308E+00
1.698E+00,    7.300E-07,    -1.932E+01,    1.116E+00,    1.268E-01,    4.398E+00
1.675E+00,    7.400E-07,    -2.011E+01,    1.128E+00,    1.257E-01,    4.487E+00
1.653E+00,    7.500E-07,    -2.091E+01,    1.142E+00,    1.248E-01,    4.575E+00
1.631E+00,    7.600E-07,    -2.172E+01,    1.158E+00,    1.242E-01,    4.662E+00
1.610E+00,    7.700E-07,    -2.253E+01,    1.177E+00,    1.239E-01,    4.749E+00
1.590E+00,    7.800E-07,    -2.336E+01,    1.198E+00,    1.239E-01,    4.834E+00
1.569E+00,    7.900E-07,    -2.419E+01,    1.220E+00,    1.240E-01,    4.920E+00
1.550E+00,    8.000E-07,    -2.503E+01,    1.245E+00,    1.244E-01,    5.004E+00
1.531E+00,    8.100E-07,    -2.588E+01,    1.271E+00,    1.249E-01,    5.088E+00
1.512E+00,    8.200E-07,    -2.673E+01,    1.300E+00,    1.256E-01,    5.172E+00
1.494E+00,    8.300E-07,    -2.760E+01,    1.329E+00,    1.265E-01,    5.255E+00
1.476E+00,    8.400E-07,    -2.847E+01,    1.361E+00,    1.275E-01,    5.338E+00
1.459E+00,    8.500E-07,    -2.936E+01,    1.394E+00,    1.286E-01,    5.420E+00
1.442E+00,    8.600E-07,    -3.025E+01,    1.429E+00,    1.298E-01,    5.501E+00
1.425E+00,    8.700E-07,    -3.115E+01,    1.465E+00,    1.312E-01,    5.583E+00
1.409E+00,    8.800E-07,    -3.206E+01,    1.502E+00,    1.326E-01,    5.664E+00
1.393E+00,    8.900E-07,    -3.298E+01,    1.542E+00,    1.342E-01,    5.745E+00
1.378E+00,    9.000E-07,    -3.391E+01,    1.582E+00,    1.358E-01,    5.825E+00
1.362E+00,    9.100E-07,    -3.485E+01,    1.624E+00,    1.375E-01,    5.905E+00
1.348E+00,    9.200E-07,    -3.580E+01,    1.667E+00,    1.393E-01,    5.985E+00
1.333E+00,    9.300E-07,    -3.675E+01,    1.712E+00,    1.412E-01,    6.064E+00
1.319E+00,    9.400E-07,    -3.772E+01,    1.758E+00,    1.431E-01,    6.143E+00
1.305E+00,    9.500E-07,    -3.869E+01,    1.805E+00,    1.451E-01,    6.222E+00
1.291E+00,    9.600E-07,    -3.968E+01,    1.854E+00,    1.471E-01,    6.301E+00
1.278E+00,    9.700E-07,    -4.067E+01,    1.904E+00,    1.493E-01,    6.379E+00
1.265E+00,    9.800E-07,    -4.167E+01,    1.956E+00,    1.514E-01,    6.457E+00
1.252E+00,    9.900E-07,    -4.268E+01,    2.008E+00,    1.536E-01,    6.535E+00
1.240E+00,    1.000E-06,    -4.371E+01,    2.062E+00,    1.559E-01,    6.613E+00
1.228E+00,    1.010E-06,    -4.474E+01,    2.117E+00,    1.582E-01,    6.690E+00
1.216E+00,    1.020E-06,    -4.578E+01,    2.174E+00,    1.606E-01,    6.768E+00
1.204E+00,    1.030E-06,    -4.683E+01,    2.232E+00,    1.630E-01,    6.845E+00
1.192E+00,    1.040E-06,    -4.788E+01,    2.291E+00,    1.655E-01,    6.922E+00
1.181E+00,    1.050E-06,    -4.895E+01,    2.351E+00,    1.680E-01,    6.999E+00
1.170E+00,    1.060E-06,    -5.003E+01,    2.413E+00,    1.705E-01,    7.075E+00
1.159E+00,    1.070E-06,    -5.112E+01,    2.476E+00,    1.731E-01,    7.152E+00
1.148E+00,    1.080E-06,    -5.222E+01,    2.540E+00,    1.757E-01,    7.228E+00
1.137E+00,    1.090E-06,    -5.332E+01,    2.605E+00,    1.783E-01,    7.304E+00
1.127E+00,    1.100E-06,    -5.444E+01,    2.672E+00,    1.810E-01,    7.380E+00
1.117E+00,    1.110E-06,    -5.556E+01,    2.740E+00,    1.837E-01,    7.456E+00
1.107E+00,    1.120E-06,    -5.670E+01,    2.809E+00,    1.865E-01,    7.532E+00
1.097E+00,    1.130E-06,    -5.784E+01,    2.880E+00,    1.893E-01,    7.608E+00
1.088E+00,    1.140E-06,    -5.899E+01,    2.952E+00,    1.921E-01,    7.683E+00
1.078E+00,    1.150E-06,    -6.016E+01,    3.025E+00,    1.949E-01,    7.759E+00
1.069E+00,    1.160E-06,    -6.133E+01,    3.099E+00,    1.978E-01,    7.834E+00
1.060E+00,    1.170E-06,    -6.251E+01,    3.175E+00,    2.007E-01,    7.909E+00
1.051E+00,    1.180E-06,    -6.370E+01,    3.252E+00,    2.036E-01,    7.984E+00
1.042E+00,    1.190E-06,    -6.490E+01,    3.330E+00,    2.066E-01,    8.059E+00
1.033E+00,    1.200E-06,    -6.611E+01,    3.410E+00,    2.096E-01,    8.134E+00
1.025E+00,    1.210E-06,    -6.733E+01,    3.490E+00,    2.126E-01,    8.208E+00
1.016E+00,    1.220E-06,    -6.856E+01,    3.573E+00,    2.157E-01,    8.283E+00
1.008E+00,    1.230E-06,    -6.980E+01,    3.656E+00,    2.187E-01,    8.358E+00
9.999E-01,    1.240E-06,    -7.105E+01,    3.741E+00,    2.218E-01,    8.432E+00
9.919E-01,    1.250E-06,    -7.231E+01,    3.827E+00,    2.250E-01,    8.506E+00
9.840E-01,    1.260E-06,    -7.357E+01,    3.915E+00,    2.281E-01,    8.581E+00
9.763E-01,    1.270E-06,    -7.485E+01,    4.004E+00,    2.313E-01,    8.655E+00
9.686E-01,    1.280E-06,    -7.607E+01,    4.087E+00,    2.342E-01,    8.725E+00
9.611E-01,    1.290E-06,    -7.730E+01,    4.171E+00,    2.371E-01,    8.795E+00
9.537E-01,    1.300E-06,    -7.853E+01,    4.256E+00,    2.400E-01,    8.865E+00
9.464E-01,    1.310E-06,    -7.978E+01,    4.343E+00,    2.430E-01,    8.935E+00
9.393E-01,    1.320E-06,    -8.103E+01,    4.430E+00,    2.460E-01,    9.005E+00
9.322E-01,    1.330E-06,    -8.229E+01,    4.519E+00,    2.490E-01,    9.075E+00
9.253E-01,    1.340E-06,    -8.356E+01,    4.609E+00,    2.520E-01,    9.145E+00
9.184E-01,    1.350E-06,    -8.484E+01,    4.700E+00,    2.551E-01,    9.214E+00
8.670E-01,    1.430E-06,    -9.587E+01,    5.533E+00,    2.824E-01,    9.796E+00
8.610E-01,    1.440E-06,    -9.723E+01,    5.636E+00,    2.857E-01,    9.865E+00
8.551E-01,    1.450E-06,    -9.859E+01,    5.740E+00,    2.889E-01,    9.934E+00
8.492E-01,    1.460E-06,    -9.996E+01,    5.845E+00,    2.922E-01,    1.000E+01
8.434E-01,    1.470E-06,    -1.013E+02,    5.952E+00,    2.955E-01,    1.007E+01
8.377E-01,    1.480E-06,    -1.027E+02,    6.059E+00,    2.988E-01,    1.014E+01
8.321E-01,    1.490E-06,    -1.041E+02,    6.169E+00,    3.021E-01,    1.021E+01
8.266E-01,    1.500E-06,    -1.055E+02,    6.279E+00,    3.055E-01,    1.028E+01
8.211E-01,    1.510E-06,    -1.069E+02,    6.391E+00,    3.089E-01,    1.035E+01
8.157E-01,    1.520E-06,    -1.084E+02,    6.504E+00,    3.123E-01,    1.041E+01
8.104E-01,    1.530E-06,    -1.098E+02,    6.618E+00,    3.157E-01,    1.048E+01
8.051E-01,    1.540E-06,    -1.112E+02,    6.734E+00,    3.191E-01,    1.055E+01
7.999E-01,    1.550E-06,    -1.127E+02,    6.851E+00,    3.226E-01,    1.062E+01
7.948E-01,    1.560E-06,    -1.141E+02,    6.969E+00,    3.260E-01,    1.069E+01
7.897E-01,    1.570E-06,    -1.156E+02,    7.089E+00,    3.295E-01,    1.076E+01
7.847E-01,    1.580E-06,    -1.170E+02,    7.210E+00,    3.331E-01,    1.082E+01
7.798E-01,    1.590E-06,    -1.185E+02,    7.333E+00,    3.366E-01,    1.089E+01
7.749E-01,    1.600E-06,    -1.200E+02,    7.457E+00,    3.402E-01,    1.096E+01
7.701E-01,    1.610E-06,    -1.215E+02,    7.582E+00,    3.437E-01,    1.103E+01
7.653E-01,    1.620E-06,    -1.230E+02,    7.709E+00,    3.474E-01,    1.110E+01
7.606E-01,    1.630E-06,    -1.245E+02,    7.837E+00,    3.510E-01,    1.116E+01
7.560E-01,    1.640E-06,    -1.260E+02,    7.966E+00,    3.546E-01,    1.123E+01
7.514E-01,    1.650E-06,    -1.276E+02,    8.098E+00,    3.583E-01,    1.130E+01
7.469E-01,    1.660E-06,    -1.291E+02,    8.230E+00,    3.620E-01,    1.137E+01
7.424E-01,    1.670E-06,    -1.306E+02,    8.364E+00,    3.657E-01,    1.144E+01
7.380E-01,    1.680E-06,    -1.322E+02,    8.500E+00,    3.695E-01,    1.150E+01
7.336E-01,    1.690E-06,    -1.337E+02,    8.637E+00,    3.732E-01,    1.157E+01
7.293E-01,    1.700E-06,    -1.353E+02,    8.776E+00,    3.770E-01,    1.164E+01
7.251E-01,    1.710E-06,    -1.369E+02,    8.916E+00,    3.808E-01,    1.171E+01
7.208E-01,    1.720E-06,    -1.385E+02,    9.058E+00,    3.847E-01,    1.177E+01
7.167E-01,    1.730E-06,    -1.401E+02,    9.201E+00,    3.885E-01,    1.184E+01
7.126E-01,    1.740E-06,    -1.417E+02,    9.346E+00,    3.924E-01,    1.191E+01
7.085E-01,    1.750E-06,    -1.433E+02,    9.493E+00,    3.963E-01,    1.198E+01
7.045E-01,    1.760E-06,    -1.449E+02,    9.642E+00,    4.003E-01,    1.204E+01
7.005E-01,    1.770E-06,    -1.465E+02,    9.791E+00,    4.042E-01,    1.211E+01
6.965E-01,    1.780E-06,    -1.482E+02,    9.943E+00,    4.082E-01,    1.218E+01
6.926E-01,    1.790E-06,    -1.498E+02,    1.010E+01,    4.123E-01,    1.225E+01
6.888E-01,    1.800E-06,    -1.514E+02,    1.025E+01,    4.163E-01,    1.231E+01
6.850E-01,    1.810E-06,    -1.531E+02,    1.041E+01,    4.204E-01,    1.238E+01
6.812E-01,    1.820E-06,    -1.548E+02,    1.057E+01,    4.245E-01,    1.245E+01
6.775E-01,    1.830E-06,    -1.564E+02,    1.073E+01,    4.286E-01,    1.252E+01
6.738E-01,    1.840E-06,    -1.581E+02,    1.089E+01,    4.328E-01,    1.258E+01
6.702E-01,    1.850E-06,    -1.598E+02,    1.105E+01,    4.369E-01,    1.265E+01
6.666E-01,    1.860E-06,    -1.615E+02,    1.122E+01,    4.412E-01,    1.272E+01
6.630E-01,    1.870E-06,    -1.632E+02,    1.139E+01,    4.454E-01,    1.278E+01
6.595E-01,    1.880E-06,    -1.650E+02,    1.156E+01,    4.497E-01,    1.285E+01
6.560E-01,    1.890E-06,    -1.667E+02,    1.173E+01,    4.540E-01,    1.292E+01
6.525E-01,    1.900E-06,    -1.684E+02,    1.190E+01,    4.583E-01,    1.299E+01
6.491E-01,    1.910E-06,    -1.702E+02,    1.208E+01,    4.627E-01,    1.305E+01
6.457E-01,    1.920E-06,    -1.719E+02,    1.226E+01,    4.671E-01,    1.312E+01
6.424E-01,    1.930E-06,    -1.737E+02,    1.244E+01,    4.715E-01,    1.319E+01
6.391E-01,    1.940E-06,    -1.754E+02,    1.262E+01,    4.760E-01,    1.325E+01
6.358E-01,    1.950E-06,    -1.772E+02,    1.280E+01,    4.805E-01,    1.332E+01
6.326E-01,    1.960E-06,    -1.790E+02,    1.299E+01,    4.851E-01,    1.339E+01
6.294E-01,    1.970E-06,    -1.808E+02,    1.318E+01,    4.896E-01,    1.346E+01
6.262E-01,    1.980E-06,    -1.826E+02,    1.337E+01,    4.942E-01,    1.352E+01
6.230E-01,    1.990E-06,    -1.844E+02,    1.356E+01,    4.989E-01,    1.359E+01
6.199E-01,    2.000E-06,    -1.860E+02,    1.373E+01,    5.031E-01,    1.365E+01
6.179E-01,    2.007E-06,    -1.875E+02,    1.389E+01,    5.068E-01,    1.370E+01
6.141E-01,    2.019E-06,    -1.899E+02,    1.415E+01,    5.129E-01,    1.379E+01
6.121E-01,    2.025E-06,    -1.912E+02,    1.428E+01,    5.160E-01,    1.384E+01
6.083E-01,    2.038E-06,    -1.937E+02,    1.455E+01,    5.224E-01,    1.393E+01
6.064E-01,    2.045E-06,    -1.949E+02,    1.469E+01,    5.256E-01,    1.397E+01
6.026E-01,    2.058E-06,    -1.975E+02,    1.497E+01,    5.321E-01,    1.406E+01
6.007E-01,    2.064E-06,    -1.988E+02,    1.511E+01,    5.354E-01,    1.411E+01
5.969E-01,    2.077E-06,    -2.015E+02,    1.540E+01,    5.421E-01,    1.420E+01
5.949E-01,    2.084E-06,    -2.028E+02,    1.555E+01,    5.455E-01,    1.425E+01
5.911E-01,    2.098E-06,    -2.055E+02,    1.585E+01,    5.524E-01,    1.435E+01
5.892E-01,    2.104E-06,    -2.069E+02,    1.600E+01,    5.559E-01,    1.439E+01
5.854E-01,    2.118E-06,    -2.097E+02,    1.632E+01,    5.630E-01,    1.449E+01
5.835E-01,    2.125E-06,    -2.111E+02,    1.648E+01,    5.666E-01,    1.454E+01
5.796E-01,    2.139E-06,    -2.140E+02,    1.681E+01,    5.739E-01,    1.464E+01
5.777E-01,    2.146E-06,    -2.155E+02,    1.697E+01,    5.776E-01,    1.469E+01
5.758E-01,    2.153E-06,    -2.170E+02,    1.714E+01,    5.814E-01,    1.474E+01
5.720E-01,    2.168E-06,    -2.200E+02,    1.748E+01,    5.890E-01,    1.484E+01
5.701E-01,    2.175E-06,    -2.215E+02,    1.766E+01,    5.929E-01,    1.489E+01
5.662E-01,    2.190E-06,    -2.246E+02,    1.802E+01,    6.007E-01,    1.500E+01
5.643E-01,    2.197E-06,    -2.261E+02,    1.820E+01,    6.047E-01,    1.505E+01
5.624E-01,    2.205E-06,    -2.277E+02,    1.839E+01,    6.087E-01,    1.510E+01
5.586E-01,    2.220E-06,    -2.309E+02,    1.876E+01,    6.168E-01,    1.521E+01
5.567E-01,    2.227E-06,    -2.326E+02,    1.896E+01,    6.210E-01,    1.526E+01
5.548E-01,    2.235E-06,    -2.342E+02,    1.915E+01,    6.252E-01,    1.532E+01
5.529E-01,    2.243E-06,    -2.359E+02,    1.935E+01,    6.294E-01,    1.537E+01
5.490E-01,    2.258E-06,    -2.393E+02,    1.975E+01,    6.380E-01,    1.548E+01
5.471E-01,    2.266E-06,    -2.410E+02,    1.996E+01,    6.423E-01,    1.554E+01
5.452E-01,    2.274E-06,    -2.427E+02,    2.017E+01,    6.468E-01,    1.559E+01
5.433E-01,    2.282E-06,    -2.445E+02,    2.038E+01,    6.512E-01,    1.565E+01
5.395E-01,    2.298E-06,    -2.481E+02,    2.082E+01,    6.603E-01,    1.576E+01
5.375E-01,    2.307E-06,    -2.499E+02,    2.104E+01,    6.649E-01,    1.582E+01
5.356E-01,    2.315E-06,    -2.517E+02,    2.126E+01,    6.695E-01,    1.588E+01
5.337E-01,    2.323E-06,    -2.535E+02,    2.149E+01,    6.742E-01,    1.594E+01
5.299E-01,    2.340E-06,    -2.573E+02,    2.195E+01,    6.837E-01,    1.606E+01
5.280E-01,    2.348E-06,    -2.592E+02,    2.219E+01,    6.886E-01,    1.611E+01
5.261E-01,    2.357E-06,    -2.611E+02,    2.243E+01,    6.935E-01,    1.617E+01
5.242E-01,    2.365E-06,    -2.631E+02,    2.268E+01,    6.984E-01,    1.624E+01
5.223E-01,    2.374E-06,    -2.651E+02,    2.293E+01,    7.034E-01,    1.630E+01
5.203E-01,    2.383E-06,    -2.671E+02,    2.318E+01,    7.085E-01,    1.636E+01
5.184E-01,    2.392E-06,    -2.691E+02,    2.343E+01,    7.136E-01,    1.642E+01
5.146E-01,    2.409E-06,    -2.732E+02,    2.396E+01,    7.240E-01,    1.654E+01
5.127E-01,    2.418E-06,    -2.753E+02,    2.422E+01,    7.293E-01,    1.661E+01
5.108E-01,    2.427E-06,    -2.774E+02,    2.449E+01,    7.347E-01,    1.667E+01
5.089E-01,    2.437E-06,    -2.795E+02,    2.477E+01,    7.401E-01,    1.673E+01
5.069E-01,    2.446E-06,    -2.817E+02,    2.505E+01,    7.455E-01,    1.680E+01
5.050E-01,    2.455E-06,    -2.838E+02,    2.533E+01,    7.511E-01,    1.686E+01
5.031E-01,    2.464E-06,    -2.860E+02,    2.562E+01,    7.566E-01,    1.693E+01
5.012E-01,    2.474E-06,    -2.883E+02,    2.591E+01,    7.623E-01,    1.700E+01
4.993E-01,    2.483E-06,    -2.905E+02,    2.621E+01,    7.680E-01,    1.706E+01
4.974E-01,    2.493E-06,    -2.928E+02,    2.651E+01,    7.738E-01,    1.713E+01
4.955E-01,    2.502E-06,    -2.951E+02,    2.681E+01,    7.797E-01,    1.720E+01
4.935E-01,    2.512E-06,    -2.974E+02,    2.713E+01,    7.856E-01,    1.726E+01
4.916E-01,    2.522E-06,    -2.998E+02,    2.744E+01,    7.916E-01,    1.733E+01
4.897E-01,    2.532E-06,    -3.022E+02,    2.776E+01,    7.976E-01,    1.740E+01
4.878E-01,    2.542E-06,    -3.046E+02,    2.809E+01,    8.037E-01,    1.747E+01
4.859E-01,    2.552E-06,    -3.070E+02,    2.842E+01,    8.099E-01,    1.754E+01
4.840E-01,    2.562E-06,    -3.095E+02,    2.875E+01,    8.162E-01,    1.761E+01
4.821E-01,    2.572E-06,    -3.120E+02,    2.909E+01,    8.226E-01,    1.768E+01
4.802E-01,    2.582E-06,    -3.145E+02,    2.944E+01,    8.290E-01,    1.775E+01
4.782E-01,    2.593E-06,    -3.171E+02,    2.979E+01,    8.355E-01,    1.783E+01
4.763E-01,    2.603E-06,    -3.197E+02,    3.015E+01,    8.421E-01,    1.790E+01
4.744E-01,    2.613E-06,    -3.223E+02,    3.051E+01,    8.487E-01,    1.797E+01
4.725E-01,    2.624E-06,    -3.250E+02,    3.088E+01,    8.554E-01,    1.805E+01
4.706E-01,    2.635E-06,    -3.277E+02,    3.125E+01,    8.623E-01,    1.812E+01
4.687E-01,    2.645E-06,    -3.304E+02,    3.163E+01,    8.692E-01,    1.820E+01
4.668E-01,    2.656E-06,    -3.331E+02,    3.202E+01,    8.761E-01,    1.827E+01
4.649E-01,    2.667E-06,    -3.359E+02,    3.241E+01,    8.832E-01,    1.835E+01
4.629E-01,    2.678E-06,    -3.387E+02,    3.281E+01,    8.904E-01,    1.843E+01
4.610E-01,    2.689E-06,    -3.416E+02,    3.322E+01,    8.976E-01,    1.850E+01
4.591E-01,    2.701E-06,    -3.445E+02,    3.363E+01,    9.049E-01,    1.858E+01
4.572E-01,    2.712E-06,    -3.474E+02,    3.405E+01,    9.123E-01,    1.866E+01
4.553E-01,    2.723E-06,    -3.503E+02,    3.448E+01,    9.199E-01,    1.874E+01
4.534E-01,    2.735E-06,    -3.533E+02,    3.491E+01,    9.275E-01,    1.882E+01
4.515E-01,    2.746E-06,    -3.564E+02,    3.535E+01,    9.352E-01,    1.890E+01
4.496E-01,    2.758E-06,    -3.594E+02,    3.580E+01,    9.430E-01,    1.898E+01
4.476E-01,    2.770E-06,    -3.626E+02,    3.626E+01,    9.509E-01,    1.906E+01
4.457E-01,    2.782E-06,    -3.657E+02,    3.672E+01,    9.589E-01,    1.915E+01
4.438E-01,    2.794E-06,    -3.689E+02,    3.719E+01,    9.670E-01,    1.923E+01
4.419E-01,    2.806E-06,    -3.721E+02,    3.767E+01,    9.752E-01,    1.932E+01
4.400E-01,    2.818E-06,    -3.754E+02,    3.816E+01,    9.835E-01,    1.940E+01
4.381E-01,    2.830E-06,    -3.787E+02,    3.866E+01,    9.919E-01,    1.949E+01
4.362E-01,    2.843E-06,    -3.821E+02,    3.916E+01,    1.000E+00,    1.957E+01
4.343E-01,    2.855E-06,    -3.855E+02,    3.968E+01,    1.009E+00,    1.966E+01
4.323E-01,    2.868E-06,    -3.889E+02,    4.020E+01,    1.018E+00,    1.975E+01
4.304E-01,    2.881E-06,    -3.924E+02,    4.073E+01,    1.027E+00,    1.984E+01
4.285E-01,    2.893E-06,    -3.959E+02,    4.127E+01,    1.036E+00,    1.993E+01
4.266E-01,    2.906E-06,    -3.995E+02,    4.182E+01,    1.045E+00,    2.002E+01
4.247E-01,    2.919E-06,    -4.032E+02,    4.239E+01,    1.054E+00,    2.011E+01
4.228E-01,    2.933E-06,    -4.068E+02,    4.296E+01,    1.063E+00,    2.020E+01
4.209E-01,    2.946E-06,    -4.106E+02,    4.354E+01,    1.073E+00,    2.029E+01
4.189E-01,    2.959E-06,    -4.144E+02,    4.413E+01,    1.082E+00,    2.038E+01
4.170E-01,    2.973E-06,    -4.182E+02,    4.473E+01,    1.092E+00,    2.048E+01
4.151E-01,    2.987E-06,    -4.221E+02,    4.535E+01,    1.102E+00,    2.057E+01
4.132E-01,    3.001E-06,    -4.260E+02,    4.597E+01,    1.112E+00,    2.067E+01
4.113E-01,    3.015E-06,    -4.300E+02,    4.661E+01,    1.122E+00,    2.077E+01
4.094E-01,    3.029E-06,    -4.340E+02,    4.726E+01,    1.132E+00,    2.086E+01
4.075E-01,    3.043E-06,    -4.381E+02,    4.792E+01,    1.143E+00,    2.096E+01
4.056E-01,    3.057E-06,    -4.423E+02,    4.859E+01,    1.153E+00,    2.106E+01
4.036E-01,    3.072E-06,    -4.465E+02,    4.928E+01,    1.164E+00,    2.116E+01
4.017E-01,    3.086E-06,    -4.508E+02,    4.997E+01,    1.175E+00,    2.126E+01
3.998E-01,    3.101E-06,    -4.551E+02,    5.069E+01,    1.186E+00,    2.137E+01
3.979E-01,    3.116E-06,    -4.595E+02,    5.141E+01,    1.197E+00,    2.147E+01
3.960E-01,    3.131E-06,    -4.640E+02,    5.215E+01,    1.209E+00,    2.157E+01
3.941E-01,    3.146E-06,    -4.685E+02,    5.290E+01,    1.220E+00,    2.168E+01
3.922E-01,    3.162E-06,    -4.731E+02,    5.367E+01,    1.232E+00,    2.179E+01
3.903E-01,    3.177E-06,    -4.778E+02,    5.445E+01,    1.244E+00,    2.189E+01
3.883E-01,    3.193E-06,    -4.825E+02,    5.525E+01,    1.256E+00,    2.200E+01
3.864E-01,    3.209E-06,    -4.873E+02,    5.606E+01,    1.268E+00,    2.211E+01
3.845E-01,    3.224E-06,    -4.921E+02,    5.689E+01,    1.280E+00,    2.222E+01
3.826E-01,    3.241E-06,    -4.971E+02,    5.774E+01,    1.293E+00,    2.233E+01
3.807E-01,    3.257E-06,    -5.021E+02,    5.860E+01,    1.305E+00,    2.245E+01
3.788E-01,    3.273E-06,    -5.072E+02,    5.948E+01,    1.318E+00,    2.256E+01
3.769E-01,    3.290E-06,    -5.123E+02,    6.038E+01,    1.331E+00,    2.267E+01
3.749E-01,    3.307E-06,    -5.175E+02,    6.129E+01,    1.345E+00,    2.279E+01
3.730E-01,    3.324E-06,    -5.229E+02,    6.222E+01,    1.358E+00,    2.291E+01
3.711E-01,    3.341E-06,    -5.283E+02,    6.318E+01,    1.372E+00,    2.302E+01
3.692E-01,    3.358E-06,    -5.337E+02,    6.415E+01,    1.386E+00,    2.314E+01
3.673E-01,    3.376E-06,    -5.393E+02,    6.514E+01,    1.400E+00,    2.326E+01
3.654E-01,    3.393E-06,    -5.449E+02,    6.615E+01,    1.414E+00,    2.339E+01
3.635E-01,    3.411E-06,    -5.507E+02,    6.719E+01,    1.429E+00,    2.351E+01
3.616E-01,    3.429E-06,    -5.565E+02,    6.824E+01,    1.444E+00,    2.363E+01
3.596E-01,    3.447E-06,    -5.624E+02,    6.932E+01,    1.459E+00,    2.376E+01
3.577E-01,    3.466E-06,    -5.684E+02,    7.042E+01,    1.474E+00,    2.389E+01
3.558E-01,    3.485E-06,    -5.745E+02,    7.154E+01,    1.490E+00,    2.401E+01
3.539E-01,    3.503E-06,    -5.807E+02,    7.269E+01,    1.505E+00,    2.414E+01
3.520E-01,    3.522E-06,    -5.870E+02,    7.386E+01,    1.521E+00,    2.428E+01
3.501E-01,    3.542E-06,    -5.934E+02,    7.506E+01,    1.538E+00,    2.441E+01
3.482E-01,    3.561E-06,    -5.999E+02,    7.628E+01,    1.554E+00,    2.454E+01
3.463E-01,    3.581E-06,    -6.065E+02,    7.753E+01,    1.571E+00,    2.468E+01
3.443E-01,    3.601E-06,    -6.132E+02,    7.881E+01,    1.588E+00,    2.481E+01
3.424E-01,    3.621E-06,    -6.200E+02,    8.011E+01,    1.605E+00,    2.495E+01
3.405E-01,    3.641E-06,    -6.269E+02,    8.145E+01,    1.623E+00,    2.509E+01
3.386E-01,    3.662E-06,    -6.340E+02,    8.281E+01,    1.641E+00,    2.523E+01
3.367E-01,    3.683E-06,    -6.412E+02,    8.420E+01,    1.659E+00,    2.538E+01
3.348E-01,    3.704E-06,    -6.484E+02,    8.563E+01,    1.678E+00,    2.552E+01
3.329E-01,    3.725E-06,    -6.558E+02,    8.708E+01,    1.697E+00,    2.567E+01
3.310E-01,    3.746E-06,    -6.634E+02,    8.858E+01,    1.716E+00,    2.581E+01
3.290E-01,    3.768E-06,    -6.710E+02,    9.010E+01,    1.735E+00,    2.596E+01
3.271E-01,    3.790E-06,    -6.788E+02,    9.166E+01,    1.755E+00,    2.611E+01
3.252E-01,    3.812E-06,    -6.867E+02,    9.325E+01,    1.775E+00,    2.627E+01
3.233E-01,    3.835E-06,    -6.948E+02,    9.489E+01,    1.796E+00,    2.642E+01
3.214E-01,    3.858E-06,    -7.030E+02,    9.656E+01,    1.817E+00,    2.658E+01
3.195E-01,    3.881E-06,    -7.113E+02,    9.827E+01,    1.838E+00,    2.673E+01
3.176E-01,    3.904E-06,    -7.198E+02,    1.000E+02,    1.859E+00,    2.689E+01
3.156E-01,    3.928E-06,    -7.285E+02,    1.018E+02,    1.881E+00,    2.706E+01
3.137E-01,    3.952E-06,    -7.373E+02,    1.036E+02,    1.904E+00,    2.722E+01
3.118E-01,    3.976E-06,    -7.462E+02,    1.055E+02,    1.927E+00,    2.738E+01
3.099E-01,    4.001E-06,    -7.553E+02,    1.074E+02,    1.950E+00,    2.755E+01
3.080E-01,    4.026E-06,    -7.646E+02,    1.094E+02,    1.974E+00,    2.772E+01
3.061E-01,    4.051E-06,    -7.741E+02,    1.114E+02,    1.998E+00,    2.789E+01
3.042E-01,    4.076E-06,    -7.837E+02,    1.135E+02,    2.022E+00,    2.807E+01
3.023E-01,    4.102E-06,    -7.935E+02,    1.156E+02,    2.047E+00,    2.824E+01
3.003E-01,    4.128E-06,    -8.034E+02,    1.178E+02,    2.072E+00,    2.842E+01
2.984E-01,    4.155E-06,    -8.136E+02,    1.200E+02,    2.098E+00,    2.860E+01
2.965E-01,    4.181E-06,    -8.240E+02,    1.223E+02,    2.125E+00,    2.878E+01
2.946E-01,    4.209E-06,    -8.345E+02,    1.247E+02,    2.152E+00,    2.897E+01
2.927E-01,    4.236E-06,    -8.452E+02,    1.271E+02,    2.179E+00,    2.915E+01
2.908E-01,    4.264E-06,    -8.562E+02,    1.295E+02,    2.207E+00,    2.934E+01
2.889E-01,    4.292E-06,    -8.674E+02,    1.320E+02,    2.235E+00,    2.954E+01
2.869E-01,    4.321E-06,    -8.787E+02,    1.346E+02,    2.264E+00,    2.973E+01
2.850E-01,    4.350E-06,    -8.903E+02,    1.373E+02,    2.294E+00,    2.993E+01
2.831E-01,    4.379E-06,    -9.022E+02,    1.400E+02,    2.324E+00,    3.013E+01
2.812E-01,    4.409E-06,    -9.142E+02,    1.428E+02,    2.355E+00,    3.033E+01
2.793E-01,    4.439E-06,    -9.265E+02,    1.457E+02,    2.386E+00,    3.053E+01
2.774E-01,    4.470E-06,    -9.391E+02,    1.487E+02,    2.418E+00,    3.074E+01
2.755E-01,    4.501E-06,    -9.519E+02,    1.517E+02,    2.451E+00,    3.095E+01
2.736E-01,    4.532E-06,    -9.649E+02,    1.548E+02,    2.484E+00,    3.116E+01
2.716E-01,    4.564E-06,    -9.782E+02,    1.580E+02,    2.518E+00,    3.138E+01
2.697E-01,    4.597E-06,    -9.918E+02,    1.613E+02,    2.553E+00,    3.160E+01
2.678E-01,    4.629E-06,    -1.006E+03,    1.647E+02,    2.588E+00,    3.182E+01
2.659E-01,    4.663E-06,    -1.020E+03,    1.682E+02,    2.624E+00,    3.204E+01
2.640E-01,    4.697E-06,    -1.034E+03,    1.717E+02,    2.661E+00,    3.227E+01
2.621E-01,    4.731E-06,    -1.049E+03,    1.754E+02,    2.699E+00,    3.250E+01
2.602E-01,    4.766E-06,    -1.064E+03,    1.792E+02,    2.737E+00,    3.274E+01
2.583E-01,    4.801E-06,    -1.079E+03,    1.831E+02,    2.776E+00,    3.297E+01
2.563E-01,    4.837E-06,    -1.095E+03,    1.871E+02,    2.817E+00,    3.321E+01
2.544E-01,    4.873E-06,    -1.111E+03,    1.912E+02,    2.858E+00,    3.346E+01
2.525E-01,    4.910E-06,    -1.128E+03,    1.955E+02,    2.899E+00,    3.371E+01
2.506E-01,    4.947E-06,    -1.144E+03,    1.998E+02,    2.942E+00,    3.396E+01
2.487E-01,    4.986E-06,    -1.162E+03,    2.043E+02,    2.986E+00,    3.421E+01
2.468E-01,    5.024E-06,    -1.179E+03,    2.089E+02,    3.031E+00,    3.447E+01
2.449E-01,    5.063E-06,    -1.197E+03,    2.137E+02,    3.077E+00,    3.473E+01
2.429E-01,    5.103E-06,    -1.215E+03,    2.186E+02,    3.123E+00,    3.500E+01
2.410E-01,    5.144E-06,    -1.234E+03,    2.237E+02,    3.171E+00,    3.527E+01
2.391E-01,    5.185E-06,    -1.253E+03,    2.289E+02,    3.220E+00,    3.555E+01
2.372E-01,    5.227E-06,    -1.273E+03,    2.343E+02,    3.270E+00,    3.582E+01
2.353E-01,    5.269E-06,    -1.293E+03,    2.399E+02,    3.321E+00,    3.611E+01
2.334E-01,    5.312E-06,    -1.313E+03,    2.456E+02,    3.374E+00,    3.640E+01
2.315E-01,    5.356E-06,    -1.334E+03,    2.515E+02,    3.427E+00,    3.669E+01
2.296E-01,    5.401E-06,    -1.356E+03,    2.576E+02,    3.482E+00,    3.698E+01
2.276E-01,    5.446E-06,    -1.378E+03,    2.639E+02,    3.539E+00,    3.729E+01
2.257E-01,    5.493E-06,    -1.400E+03,    2.704E+02,    3.596E+00,    3.759E+01
2.238E-01,    5.539E-06,    -1.423E+03,    2.771E+02,    3.655E+00,    3.790E+01
2.219E-01,    5.587E-06,    -1.447E+03,    2.840E+02,    3.716E+00,    3.822E+01
2.200E-01,    5.636E-06,    -1.471E+03,    2.912E+02,    3.778E+00,    3.854E+01
2.181E-01,    5.685E-06,    -1.496E+03,    2.986E+02,    3.841E+00,    3.887E+01
2.162E-01,    5.736E-06,    -1.521E+03,    3.063E+02,    3.906E+00,    3.920E+01
2.143E-01,    5.787E-06,    -1.548E+03,    3.142E+02,    3.973E+00,    3.954E+01
2.123E-01,    5.839E-06,    -1.574E+03,    3.224E+02,    4.042E+00,    3.988E+01
2.104E-01,    5.892E-06,    -1.602E+03,    3.309E+02,    4.112E+00,    4.023E+01
2.085E-01,    5.946E-06,    -1.630E+03,    3.396E+02,    4.184E+00,    4.059E+01
2.066E-01,    6.001E-06,    -1.659E+03,    3.487E+02,    4.258E+00,    4.095E+01
2.047E-01,    6.057E-06,    -1.688E+03,    3.581E+02,    4.334E+00,    4.132E+01
2.028E-01,    6.114E-06,    -1.719E+03,    3.678E+02,    4.412E+00,    4.169E+01
2.009E-01,    6.173E-06,    -1.750E+03,    3.779E+02,    4.492E+00,    4.207E+01
1.990E-01,    6.232E-06,    -1.782E+03,    3.884E+02,    4.574E+00,    4.246E+01
1.970E-01,    6.292E-06,    -1.815E+03,    3.992E+02,    4.658E+00,    4.285E+01
1.951E-01,    6.354E-06,    -1.849E+03,    4.105E+02,    4.745E+00,    4.326E+01
1.932E-01,    6.417E-06,    -1.883E+03,    4.222E+02,    4.834E+00,    4.367E+01
1.913E-01,    6.481E-06,    -1.919E+03,    4.343E+02,    4.926E+00,    4.408E+01
1.894E-01,    6.547E-06,    -1.956E+03,    4.468E+02,    5.020E+00,    4.451E+01
1.875E-01,    6.613E-06,    -1.993E+03,    4.599E+02,    5.117E+00,    4.494E+01
1.856E-01,    6.682E-06,    -2.032E+03,    4.735E+02,    5.216E+00,    4.538E+01
1.836E-01,    6.751E-06,    -2.072E+03,    4.875E+02,    5.319E+00,    4.583E+01
1.817E-01,    6.822E-06,    -2.113E+03,    5.022E+02,    5.424E+00,    4.629E+01
1.798E-01,    6.895E-06,    -2.156E+03,    5.174E+02,    5.533E+00,    4.676E+01
1.779E-01,    6.969E-06,    -2.199E+03,    5.333E+02,    5.645E+00,    4.723E+01
1.760E-01,    7.045E-06,    -2.244E+03,    5.497E+02,    5.760E+00,    4.772E+01
1.741E-01,    7.122E-06,    -2.290E+03,    5.669E+02,    5.879E+00,    4.821E+01
1.722E-01,    7.201E-06,    -2.338E+03,    5.848E+02,    6.001E+00,    4.872E+01
1.703E-01,    7.282E-06,    -2.387E+03,    6.034E+02,    6.127E+00,    4.924E+01
1.683E-01,    7.365E-06,    -2.437E+03,    6.228E+02,    6.258E+00,    4.976E+01
1.664E-01,    7.450E-06,    -2.489E+03,    6.430E+02,    6.392E+00,    5.030E+01
1.645E-01,    7.536E-06,    -2.543E+03,    6.641E+02,    6.530E+00,    5.085E+01
1.626E-01,    7.625E-06,    -2.599E+03,    6.861E+02,    6.673E+00,    5.141E+01
1.607E-01,    7.716E-06,    -2.656E+03,    7.091E+02,    6.820E+00,    5.198E+01
1.588E-01,    7.809E-06,    -2.715E+03,    7.331E+02,    6.973E+00,    5.257E+01
1.569E-01,    7.904E-06,    -2.776E+03,    7.582E+02,    7.130E+00,    5.317E+01
1.550E-01,    8.001E-06,    -2.839E+03,    7.844E+02,    7.293E+00,    5.378E+01
1.530E-01,    8.101E-06,    -2.904E+03,    8.118E+02,    7.461E+00,    5.440E+01
1.511E-01,    8.204E-06,    -2.972E+03,    8.405E+02,    7.634E+00,    5.504E+01
1.492E-01,    8.309E-06,    -3.041E+03,    8.705E+02,    7.814E+00,    5.570E+01
1.473E-01,    8.417E-06,    -3.113E+03,    9.019E+02,    8.000E+00,    5.637E+01
1.454E-01,    8.528E-06,    -3.188E+03,    9.348E+02,    8.193E+00,    5.705E+01
1.435E-01,    8.642E-06,    -3.265E+03,    9.693E+02,    8.392E+00,    5.775E+01
1.416E-01,    8.758E-06,    -3.345E+03,    1.005E+03,    8.598E+00,    5.847E+01
1.396E-01,    8.878E-06,    -3.427E+03,    1.043E+03,    8.812E+00,    5.920E+01
1.377E-01,    9.002E-06,    -3.513E+03,    1.083E+03,    9.034E+00,    5.996E+01
1.358E-01,    9.128E-06,    -3.602E+03,    1.125E+03,    9.263E+00,    6.073E+01
1.339E-01,    9.259E-06,    -3.694E+03,    1.169E+03,    9.502E+00,    6.152E+01
1.320E-01,    9.393E-06,    -3.790E+03,    1.215E+03,    9.749E+00,    6.233E+01
1.301E-01,    9.531E-06,    -3.889E+03,    1.264E+03,    1.001E+01,    6.316E+01
1.282E-01,    9.673E-06,    -3.992E+03,    1.315E+03,    1.027E+01,    6.401E+01
1.263E-01,    9.820E-06,    -4.099E+03,    1.369E+03,    1.055E+01,    6.489E+01
1.243E-01,    9.971E-06,    -4.210E+03,    1.426E+03,    1.084E+01,    6.578E+01
1.224E-01,    1.013E-05,    -4.326E+03,    1.486E+03,    1.114E+01,    6.671E+01
1.205E-01,    1.029E-05,    -4.446E+03,    1.549E+03,    1.145E+01,    6.765E+01
1.186E-01,    1.045E-05,    -4.571E+03,    1.616E+03,    1.177E+01,    6.863E+01
1.167E-01,    1.063E-05,    -4.701E+03,    1.686E+03,    1.211E+01,    6.963E+01
1.148E-01,    1.080E-05,    -4.837E+03,    1.761E+03,    1.246E+01,    7.065E+01
1.129E-01,    1.099E-05,    -4.978E+03,    1.840E+03,    1.283E+01,    7.171E+01
1.110E-01,    1.117E-05,    -5.125E+03,    1.923E+03,    1.321E+01,    7.280E+01
1.090E-01,    1.137E-05,    -5.278E+03,    2.012E+03,    1.361E+01,    7.391E+01
1.071E-01,    1.157E-05,    -5.438E+03,    2.105E+03,    1.402E+01,    7.507E+01
1.052E-01,    1.178E-05,    -5.605E+03,    2.205E+03,    1.446E+01,    7.625E+01
1.033E-01,    1.200E-05,    -5.780E+03,    2.310E+03,    1.491E+01,    7.747E+01
1.014E-01,    1.223E-05,    -5.962E+03,    2.423E+03,    1.538E+01,    7.873E+01
9.947E-02,    1.246E-05,    -6.153E+03,    2.542E+03,    1.588E+01,    8.003E+01
9.756E-02,    1.271E-05,    -6.353E+03,    2.669E+03,    1.640E+01,    8.137E+01
9.565E-02,    1.296E-05,    -6.562E+03,    2.804E+03,    1.694E+01,    8.276E+01
9.374E-02,    1.323E-05,    -6.781E+03,    2.948E+03,    1.751E+01,    8.418E+01
9.183E-02,    1.350E-05,    -7.010E+03,    3.101E+03,    1.810E+01,    8.566E+01
8.991E-02,    1.379E-05,    -7.251E+03,    3.265E+03,    1.872E+01,    8.718E+01
8.800E-02,    1.409E-05,    -7.503E+03,    3.440E+03,    1.938E+01,    8.876E+01
8.608E-02,    1.440E-05,    -7.768E+03,    3.627E+03,    2.006E+01,    9.039E+01
8.417E-02,    1.473E-05,    -8.047E+03,    3.827E+03,    2.078E+01,    9.208E+01
8.226E-02,    1.507E-05,    -8.340E+03,    4.042E+03,    2.154E+01,    9.383E+01
8.035E-02,    1.543E-05,    -8.649E+03,    4.272E+03,    2.233E+01,    9.564E+01
7.843E-02,    1.581E-05,    -8.974E+03,    4.518E+03,    2.317E+01,    9.752E+01
7.652E-02,    1.620E-05,    -9.316E+03,    4.783E+03,    2.404E+01,    9.947E+01
7.461E-02,    1.662E-05,    -9.678E+03,    5.068E+03,    2.497E+01,    1.015E+02
7.269E-02,    1.706E-05,    -1.006E+04,    5.375E+03,    2.594E+01,    1.036E+02
7.078E-02,    1.752E-05,    -1.046E+04,    5.705E+03,    2.697E+01,    1.058E+02
6.887E-02,    1.800E-05,    -1.089E+04,    6.062E+03,    2.805E+01,    1.081E+02
6.696E-02,    1.852E-05,    -1.135E+04,    6.447E+03,    2.919E+01,    1.104E+02
6.504E-02,    1.906E-05,    -1.183E+04,    6.863E+03,    3.039E+01,    1.129E+02
6.313E-02,    1.964E-05,    -1.234E+04,    7.313E+03,    3.166E+01,    1.155E+02
6.121E-02,    2.025E-05,    -1.289E+04,    7.801E+03,    3.300E+01,    1.182E+02
5.930E-02,    2.091E-05,    -1.347E+04,    8.330E+03,    3.441E+01,    1.210E+02
5.739E-02,    2.160E-05,    -1.409E+04,    8.905E+03,    3.591E+01,    1.240E+02
5.548E-02,    2.235E-05,    -1.476E+04,    9.531E+03,    3.749E+01,    1.271E+02
5.356E-02,    2.315E-05,    -1.547E+04,    1.021E+04,    3.916E+01,    1.304E+02
5.165E-02,    2.400E-05,    -1.624E+04,    1.096E+04,    4.092E+01,    1.339E+02
4.974E-02,    2.493E-05,    -1.707E+04,    1.177E+04,    4.279E+01,    1.375E+02
